model_name,dataset,group,horizon,std_dev_smape,std_dev_mae,std_dev_mse,median_smape,median_mae,median_mse
nbeats,m3,Monthly,4,0.000762603903094,4.215123146350711,38982.8389952774,0.1136383052913034,470.3188697973085,877614.6459096931
nbeats,m3,Monthly,6,0.0007550620867370562,4.096718845171086,33782.728396281,0.11460369611718496,478.0908756428495,856665.6470015282
