model_name,dataset,group,horizon,std_dev_smape,std_dev_mae,std_dev_mse,median_smape,median_mae,median_mse
nbeatsmoe,gluonts_m1_yearly,Y,2,0.0047842431481491,5073.1617887482535,36230882055.04313,0.1089836749608538,54532.893402908885,140148727194.08398
nbeatsmoe,gluonts_m1_quarterly,Q,2,0.0036291441760829,124.39307894560694,16776629.50896719,0.1159897169372585,2244.495591349202,145960099.52348608
nbeats,gluonts_m1_quarterly,Q,2,0.0069744710656537,94.29388378952272,16966818.766161498,0.1192139038969479,2241.11181707783,148749749.0375716
nbeatsstackmoe,gluonts_m1_quarterly,Q,2,0.0019645636168353843,62.39711095386172,9313667.529227573,0.11358569150562817,2347.7201817614105,163743180.964372
